timestamp,open,high,low,close,adjusted_close,volume,dividend_amount,split_coefficient
2020-07-24,1410.79,1464.07,1367.3,1415.56,1415.56,18430366,0,1
2020-07-23,1666.5,1687.75,1480.88,1513.27,1513.27,23156718,0,1
2020-07-22,1605.54,1625.12,1562,1590.58,1590.58,11071950,0,1
2020-07-21,1644.87,1673.86,1561,1567.58,1567.58,15192401,0,1
2020-07-20,1523.71,1649.9,1489.77,1642.47,1642.47,16400217,0,1
2020-07-17,1518.83,1537.51,1490.37,1500.41,1500.41,8908504,0,1
2020-07-16,1476.81,1530.84,1467.67,1500.82,1500.82,13477977,0,1
2020-07-15,1540.91,1548.05,1457.4,1546.88,1546.88,15304790,0,1
2020-07-14,1540.02,1586.47,1434.45,1516.39,1516.39,21552898,0,1
2020-07-13,1651.74,1792.99,1480,1495.36,1495.36,36928552,0,1
2020-07-10,1393.09,1548.21,1377.1,1546.01,1546.01,22556202,0,1
2020-07-09,1390.9,1405,1352.62,1393.81,1393.81,11152097,0,1
2020-07-08,1411.99,1417,1313.8,1365.5,1365.5,15685203,0,1
2020-07-07,1403.2,1428.88,1337.35,1389.69,1389.69,20315377,0,1
2020-07-06,1277,1376.83,1267.18,1371,1371,18847838,0,1
2020-07-02,1217.42,1225,1186,1208.8,1208.8,15386794,0,1
2020-07-01,1082.01,1134.95,1082.01,1119.54,1119.54,12789050,0,1
2020-06-30,1009.9,1087,1004.56,1079.84,1079.84,16077527,0,1
2020-06-29,966.62,1009.89,949,1009.89,1009.89,8670306,0,1
2020-06-26,989.44,993.61,955.53,960.76,960.76,7754372,0,1
2020-06-25,954.04,985.98,938.86,985.98,985.98,8661404,0,1
2020-06-24,996.39,1000,956.44,960.85,960.85,10649753,0,1
2020-06-23,997.02,1011.71,995.18,1001.66,1001.66,5965929,0,1
2020-06-22,1000.99,1008.18,990.25,994.54,994.54,6069272,0,1
2020-06-19,1013.76,1013.76,991.76,1000.57,1000.57,7979130,0,1
2020-06-18,1001.51,1018.8,994.71,1004.02,1004.02,9323189,0,1
2020-06-17,987.72,1004.9,983.89,990.56,990.56,9094963,0,1
2020-06-16,1011.45,1011.45,964.15,981.51,981.51,13333452,0,1
2020-06-15,917.03,998.38,909.38,990.75,990.75,14962489,0,1
2020-06-12,978,987.47,915.04,935.17,935.17,15886112,0,1
2020-06-11,987.61,1018.26,972.66,972.91,972.91,14809928,0,1
2020-06-10,990.87,1026.75,982.87,1025.05,1025.05,17039573,0,1
2020-06-09,942.36,954.06,924.96,941.01,941.01,10771919,0,1
2020-06-08,915.02,950,909.37,949.67,949.67,13221248,0,1
2020-06-05,878.77,886.2,866.83,885.55,885.55,7388075,0,1
2020-06-04,887.67,895.5,859.27,864.27,864.27,8666292,0,1
2020-06-03,886.58,897.69,880.28,882.51,882.51,7681213,0,1
2020-06-02,893.98,908.48,871.5,881.4,881.4,13054197,0,1
2020-06-01,854.72,898.81,854.72,897.48,897.48,13963185,0,1
2020-05-29,807.42,834.91,804.33,834.16,834.16,10591609,0,1
2020-05-28,813.42,824.35,801.82,805.99,805.99,7022208,0,1
2020-05-27,821.15,822.73,785.56,820.09,820.09,11097845,0,1
2020-05-26,831.53,831.92,816.3,818.74,818.74,7540809,0,1
2020-05-22,824.46,831.04,812.75,816.4,816.4,9732863,0,1
2020-05-21,817.75,831.76,796,827.6,827.6,11788747,0,1
2020-05-20,819.07,825.49,811.82,815.46,815.46,6942584,0,1
2020-05-19,817.01,821.94,806.25,808,808,9285581,0,1
2020-05-18,825,833.79,804.25,813.5,813.5,10973479,0,1
2020-05-15,794.31,803.89,786.82,799.03,799.03,10022216,0,1
2020-05-14,780.73,803.04,765,803.04,803.04,13083778,0,1
2020-05-13,820.35,825.97,763.3,790.36,790.36,18437553,0,1
2020-05-12,831.7,842.48,808.08,809.14,809.14,14966164,0,1
2020-05-11,789.18,824,788.51,810.48,810.48,15622885,0,1
2020-05-08,791.1,823.95,789.02,819.25,819.25,15617548,0,1
2020-05-07,779,796.4,773.13,780.22,780.22,11126085,0,1
2020-05-06,775.73,789.57,761.11,782.45,782.45,10714422,0,1
2020-05-05,788.23,798.21,763.18,768.06,768.06,16331523,0,1
2020-05-04,699.89,761.51,699.89,761.21,761.21,18336291,0,1
2020-05-01,762.21,771.37,684.37,701.31,701.31,31808779,0,1
2020-04-30,846.47,869.01,764.04,781.06,781.06,26983178,0,1
2020-04-29,791.51,802.91,783.88,799.84,799.84,12172765,0,1
2020-04-28,801.74,801.74,757.3,769.11,769.11,14532414,0,1
2020-04-27,737.74,798.94,736.83,798.92,798.92,19510736,0,1
2020-04-24,713.26,730.34,699.52,725,725,12601997,0,1
2020-04-23,728.1,733.74,703.36,705.63,705.63,12729779,0,1
2020-04-22,702.95,733.79,689.77,732.52,732.52,13337047,0,1
2020-04-21,727.77,751.78,680.27,686.72,686.72,19545384,0,1
2020-04-20,732.28,765.17,717.87,746.35,746.35,14220342,0,1
2020-04-17,764.69,771.44,747.99,753.25,753.25,11966076,0,1
2020-04-16,719.75,758.96,708.62,745.76,745.76,19184019,0,1
2020-04-15,736.46,752.06,710.47,729.53,729.53,21677612,0,1
2020-04-14,696.13,740.82,693.77,710.09,710.09,28550661,0,1
2020-04-13,588.11,651.79,580.88,650.99,650.99,21061109,0,1
2020-04-09,560.01,574.86,558.08,573.01,573.01,12668592,0,1
2020-04-08,552.23,556.98,534.06,548.7,548.7,12133596,0,1
2020-04-07,541,563.45,532.98,545.47,545.47,17151431,0,1
2020-04-06,511.26,519.85,499.14,516.24,516.24,13708845,0,1
2020-04-03,501.04,514.32,468.44,480,480,21083006,0,1
2020-04-02,484.38,493.69,447.02,454.47,454.47,15357729,0,1
2020-04-01,502.06,513.49,475.57,481.58,481.58,12474367,0,1
2020-03-31,499.76,542.54,498.28,524.48,524.48,16193775,0,1
2020-03-30,512.57,516.19,492.21,502.1,502.1,11058394,0,1
2020-03-27,500.78,524.47,494.15,514.56,514.56,13499364,0,1
2020-03-26,545.22,556.63,512.5,528.05,528.05,16589911,0,1
2020-03-25,540.22,555.2,511.54,539.15,539.15,19625219,0,1
2020-03-24,478.5,512.98,475,504.3,504.3,21562808,0,1
2020-03-23,431.12,440,411.65,434.29,434.29,15522741,0,1
2020-03-20,436.89,475,425.79,427.53,427.53,26849495,0,1
2020-03-19,372.37,451.38,359.54,427.3,427.3,28541515,0,1
2020-03-18,395,404.36,351,361.6,361.6,22460979,0,1
2020-03-17,441.05,470.87,396.06,430,430,23017414,0,1
2020-03-16,468.5,493.62,443.16,444.98,444.98,19007707,0,1
2020-03-13,596.87,606.62,502.2,546.2,546.2,21221604,0,1
2020-03-12,577.38,592.71,546.26,556.01,556.01,17394404,0,1
2020-03-11,636.71,651.05,613.26,633.91,633.91,12783524,0,1
2020-03-10,657.44,665.81,608.44,645,645,14571947,0,1
2020-03-09,618,661.28,606.53,606.53,606.53,15542820,0,1
2020-03-06,697.12,706.54,685.17,703.39,703.39,11775507,0,1
2020-03-05,725.06,745.39,719.77,723.62,723.62,10103646,0,1
2020-03-04,765.55,765.55,724.75,749.5,749.5,13903587,0,1
2020-03-03,802.61,802.61,717.67,745.51,745.51,23532053,0,1
2020-03-02,717.64,743.69,687.46,743.69,743.69,18469053,0,1
2020-02-28,627.9,689.32,611.92,667.43,667.43,22792816,0,1
2020-02-27,727.51,739,669.49,678.88,678.88,22647335,0,1
2020-02-26,778.54,812.68,776.77,778.67,778.67,13096617,0,1
2020-02-25,850.19,854.88,787.4,799.11,799.11,16586765,0,1
2020-02-24,827.15,862.26,824.03,833.16,833.16,13951716,0,1
2020-02-21,902.13,912.18,881.68,901,901,13277215,0,1
2020-02-20,911.93,911.93,861.53,899.18,899.18,16718055,0,1
2020-02-19,919.99,944.2,902.11,916.96,916.96,23581344,0,1
2020-02-18,844.37,859.85,834.23,858.66,858.66,14458985,0,1
2020-02-14,792.82,812.64,789.76,799.97,799.97,14141167,0,1
2020-02-13,737,816.58,737,803.86,803.86,24837985,0,1
2020-02-12,783.75,789.26,763.9,767.44,767.44,11112268,0,1
2020-02-11,767.87,783.31,758.43,774.02,774.02,11102231,0,1
2020-02-10,797.85,817.53,752.55,770.92,770.92,23058399,0,1
2020-02-07,735.16,767.66,732.85,747.98,747.98,16177136,0,1
2020-02-06,706.16,794.11,688,748.5,748.5,38196549,0,1
2020-02-05,811.55,844.57,705.01,734.72,734.72,45674777,0,1
2020-02-04,878.34,968.13,838.09,887.72,887.72,53517218,0,1
2020-02-03,676.08,783.44,676.08,780.28,780.28,45268523,0,1
2020-01-31,641.49,652.99,632.58,650.49,650.49,14942272,0,1
2020-01-30,626.86,649.94,619.5,640.93,640.93,26611112,0,1
2020-01-29,573.26,589.72,567.8,581,581,13267651,0,1
2020-01-28,566.48,576.28,558.18,566.82,566.82,10993974,0,1
2020-01-27,540.07,564.05,539.92,557.54,557.54,12662084,0,1
2020-01-24,573.07,573.07,554.88,564.96,564.96,13540399,0,1
2020-01-23,567.02,582,556.52,571.92,571.92,18535739,0,1
2020-01-22,568.8,594.04,559.65,569.43,569.43,29613239,0,1
2020-01-21,529,548.5,529,547.25,547.25,16351734,0,1
2020-01-17,511.32,515.18,503.31,510.19,510.19,12555660,0,1
2020-01-16,493.4,514.2,493.4,513.49,513.49,19861023,0,1
2020-01-15,528.94,537.6,517.43,518.51,518.51,16346502,0,1
2020-01-14,542.35,546.75,525.18,538,538,26766351,0,1
2020-01-13,493.31,525.55,493.31,524.85,524.85,25369868,0,1
2020-01-10,483.88,484.85,474.38,477.96,477.96,12245987,0,1
2020-01-09,495.13,498.3,473.13,481.49,481.49,26660793,0,1
2020-01-08,471.59,498.19,468.47,492.09,492.09,29650403,0,1
2020-01-07,461.15,471.63,453.43,469.17,469.17,16979334,0,1
2020-01-06,441.45,451.5,441.32,451.5,451.5,9681731,0,1
2020-01-03,437.51,453.86,437.51,442.75,442.75,16280743,0,1
2020-01-02,424.93,430.68,421.96,430.24,430.24,8982569,0,1
2019-12-31,403.26,421.19,402.4,418.17,418.17,9644583,0,1
2019-12-30,427.26,427.86,409.76,414.62,414.62,11935849,0,1
2019-12-27,433.71,433.77,426.27,430.23,430.23,9106020,0,1
2019-12-26,428.57,433.39,426.55,430.82,430.82,10018842,0,1
2019-12-24,417.18,425.36,412.88,425.18,425.18,7720833,0,1
2019-12-23,412.64,422,410.47,419.18,419.18,12638924,0,1
2019-12-20,409.46,412.71,400.28,405.55,405.55,13078815,0,1
2019-12-19,397.41,406.55,397.41,403.9,403.9,17080631,0,1
2019-12-18,381.36,395,381.36,393.1,393.1,13403839,0,1
2019-12-17,380.91,384.88,376,378.91,378.91,7935439,0,1
2019-12-16,363.62,383.44,363.62,381.51,381.51,17244449,0,1
2019-12-13,360.25,365.03,354.78,358.37,358.37,6173582,0,1
2019-12-12,355.09,362.46,353.58,359.67,359.67,7572397,0,1
2019-12-11,351.93,357.07,351.93,352.5,352.5,6577506,0,1
2019-12-10,339.35,350.67,339.35,348.83,348.83,8479945,0,1
2019-12-09,336.17,344.42,335.25,339.4,339.4,8221860,0,1
2019-12-06,335.36,338.78,335.09,335.85,335.85,7254229,0,1
2019-12-05,333.7,333.96,327.25,330.34,330.34,3421250,0,1
2019-12-04,337.18,337.42,332.95,332.99,332.99,5182156,0,1
2019-12-03,332.64,337.86,332.25,336.09,336.09,6310954,0,1
2019-12-02,329.63,336.31,328.95,334.86,334.86,5880916,0,1
2019-11-29,330.49,330.5,327.59,330.01,330.01,2309090,0,1
2019-11-27,330.38,333.8,328.67,331.05,331.05,5276285,0,1
2019-11-26,335.1,335.2,327.22,328.93,328.93,7248318,0,1
2019-11-25,344.35,344.35,334.51,336.3,336.3,11294921,0,1
2019-11-22,340.14,340.14,330.14,332.99,332.99,16019786,0,1
2019-11-21,354.65,360.8,354.01,354.8,354.8,5577056,0,1
2019-11-20,359.16,360.5,349.7,352.4,352.4,6072362,0,1
2019-11-19,351.41,359.97,347.8,359.52,359.52,7397349,0,1
2019-11-18,352.31,352.88,346.18,349.98,349.98,4230132,0,1
2019-11-15,351.45,352.74,348.5,352.24,352.24,4534717,0,1
2019-11-14,345.2,353.25,343.21,349.36,349.36,5924700,0,1
2019-11-13,353.58,356.02,345.44,345.99,345.99,7943437,0,1
2019-11-12,347.04,350.27,344.19,349.95,349.95,7111819,0,1
2019-11-11,343,349.12,342.42,345.1,345.1,9622399,0,1
2019-11-08,335.05,337.45,332.58,337.12,337.12,5911250,0,1
2019-11-07,329.03,341.22,328.22,335.39,335.39,14075711,0,1
2019-11-06,318.11,326.7,314.53,326.7,326.7,7712209,0,1
2019-11-05,318.9,323.49,316.12,317.16,317.16,6252570,0,1
2019-11-04,313.81,321.85,309.9,317.38,317.38,8517932,0,1
2019-11-01,316.24,316.24,310.13,313.31,313.31,6120080,0,1
2019-10-31,313.39,318.88,313.12,315.09,315.09,4894856,0,1
2019-10-30,314,318.69,310.03,314.86,314.86,8970173,0,1
2019-10-29,320.1,323.9,314.85,316.2,316.2,12227243,0,1
2019-10-28,328.96,340.33,322.62,327.52,327.52,18347127,0,1
2019-10-25,298.25,329.9,296.5,328.19,328.19,29355018,0,1
2019-10-24,299.17,303.85,290.01,299.62,299.62,27177004,0,1
2019-10-23,254.5,256.09,251.46,254.89,254.89,5071641,0,1
2019-10-22,254.69,258.19,250.98,255.52,255.52,4425040,0,1
2019-10-21,258.66,259.43,250.26,253.43,253.43,4684163,0,1
2019-10-18,261.71,262.58,255.16,256.99,256.99,5599972,0,1
2019-10-17,262.11,264.74,260.31,261.98,261.98,4608673,0,1
2019-10-16,257,262.05,257,259.69,259.69,6525079,0,1
2019-10-15,257.26,259.98,254.26,257.86,257.86,6268980,0,1
2019-10-14,247.3,258.45,247.3,256.82,256.82,10050340,0,1
2019-10-11,247.06,251,247.06,247.77,247.77,8235526,0,1
2019-10-10,244.53,249.03,241.74,244.74,244.74,6182377,0,1
2019-10-09,241.34,247.2,240.74,244.53,244.53,6693629,0,1
2019-10-08,235.5,243.85,234.59,240,240,8518001,0,1
2019-10-07,229.69,238.49,228.67,237.72,237.72,7862544,0,1
2019-10-04,232,234.48,228.14,231.44,231.44,7843760,0,1
2019-10-03,231.89,234.28,224.31,232.92,232.92,14560250,0,1
2019-10-02,242.54,244.55,239.44,243.24,243.24,5219909,0,1
2019-10-01,242.16,245.94,239.25,244.69,244.69,6021452,0,1
2019-09-30,242.68,243.89,236.28,240.79,240.79,5637715,0,1
2019-09-27,241.73,248.52,238.74,242.02,242.02,10857557,0,1
2019-09-26,230.44,243.19,227.51,242.52,242.52,11687001,0,1
2019-09-25,224.79,228.85,218.57,228.7,228.7,9195618,0,1
2019-09-24,241.66,241.66,222.73,223.28,223.28,12690196,0,1
2019-09-23,239.84,245.13,239.22,241.25,241.25,4198594,0,1
2019-09-20,246.46,246.46,238.21,240.59,240.59,6055781,0,1
2019-09-19,245.92,247.93,244.98,246.58,246.58,4484534,0,1
2019-09-18,244.83,248.01,242.41,243.43,243.43,4040337,0,1
2019-09-17,242.16,245.46,240.47,244.79,244.79,3750308,0,1
2019-09-16,245.89,247.34,241.17,242.68,242.68,4484860,0,1
2019-09-13,247.17,248.42,244.9,245.27,245.27,5103372,0,1
2019-09-12,247.29,253.22,244.47,245.86,245.86,8298103,0,1
2019-09-11,237.79,248.09,236.05,247.18,247.18,9706288,0,1
2019-09-10,230.46,235.54,229.27,235.54,235.54,4738202,0,1
2019-09-09,230.31,233.66,229.38,231.78,231.78,4525117,0,1
2019-09-06,228.1,229.58,225.2,227.49,227.49,3804095,0,1
2019-09-05,222.81,229.72,220.86,229.58,229.58,7163011,0,1
2019-09-04,226.66,228.34,219.56,220.71,220.71,5499905,0,1
2019-09-03,223.55,228.83,223.53,225.11,225.11,5090134,0,1
2019-08-30,228.51,232.3,224.24,225.6,225.6,8187703,0,1
2019-08-29,218.65,223.28,218.29,221.7,221.7,4855903,0,1
2019-08-28,213.38,217.19,212.32,215.59,215.59,3064847,0,1
2019-08-27,215.83,218.76,212.1,214.16,214.16,5007211,0,1
2019-08-26,212.41,214.98,211.54,214.98,214.98,4708699,0,1
2019-08-23,219.25,221.13,211.02,211.39,211.39,8038676,0,1
2019-08-22,223.18,225.36,218.3,222.05,222.05,5441876,0,1
2019-08-21,222.3,223.01,217.66,220.79,220.79,7347230,0,1
2019-08-20,227.56,228.99,224.64,225.65,225.65,3765257,0,1
2019-08-19,224,227.83,221.74,226.81,226.81,5139515,0,1
2019-08-16,216.47,222.2,216.47,219.92,219.92,4830572,0,1
2019-08-15,221.2,221.2,211.65,215.52,215.52,7798452,0,1
2019-08-14,230.5,231.2,219.59,219.59,219.59,8887275,0,1
2019-08-13,228.21,235.99,227.8,234.97,234.97,5056088,0,1
2019-08-12,232.83,235.49,228.87,229.02,229.02,4447149,0,1
2019-08-09,236.82,238.89,233.81,235,235,3705134,0,1
2019-08-08,234,239.76,233.07,238.29,238.29,5074344,0,1
2019-08-07,226.77,233.47,226.11,233.47,233.47,4522490,0,1
2019-08-06,231.26,232.5,225.75,230.63,230.63,5181635,0,1
2019-08-05,229.5,230.96,225.85,228.48,228.48,6522789,0,1
2019-08-02,230.75,236.15,229.29,234.28,234.28,5810210,0,1
2019-08-01,243.45,244.51,231.83,233.94,233.94,7932696,0,1
2019-07-31,242.6,246.6,236.77,241.62,241.62,8900834,0,1
2019-07-30,233.53,243.33,232.31,242.26,242.26,7832605,0,1
2019-07-29,227.71,235.9,226.17,235.79,235.79,8885314,0,1
2019-07-26,227,230.21,222.25,228,228,9643563,0,1
2019-07-25,232.8,234.18,225.77,228.83,228.83,20293953,0,1
2019-07-24,259.05,265.95,258.2,264.96,264.96,7424780,0,1
2019-07-23,256.97,260.47,254.63,260.1,260.1,4846409,0,1
2019-07-22,258.54,262.1,254.2,255.65,255.65,6570318,0,1
2019-07-19,255.18,259.91,254.76,258.17,258.17,6801946,0,1
2019-07-18,255.64,255.69,252,253.59,253.59,4484667,0,1
2019-07-17,255.32,258,253.72,254.83,254.83,9390755,0,1
2019-07-16,249.5,253.49,248.09,252.4,252.4,7568746,0,1
2019-07-15,247.9,254.31,244.94,253.49,253.49,10537780,0,1
2019-07-12,240.3,245.3,239.88,245.06,245.06,8853814,0,1
2019-07-11,238.26,241.48,236.06,238.6,238.6,7266822,0,1
2019-07-10,233.7,238.92,233.22,238.92,238.92,8497114,0,1
2019-07-09,229.22,230.93,227.43,230.06,230.06,5982805,0,1
2019-07-08,232,232.13,228.7,230.38,230.38,5597986,0,1
2019-07-05,234.86,235.39,230.92,233.15,233.15,6723301,0,1
2019-07-03,238.66,241.2,234.58,234.9,234.9,13039391,0,1
2019-07-02,227.81,228.54,222.26,224.62,224.62,6824176,0,1
2019-07-01,230.1,232.92,226.37,227.16,227.16,7796387,0,1
2019-06-28,221.43,225.13,221.42,223.46,223.46,5948011,0,1
2019-06-27,219.81,222.84,217.36,222.81,222.81,5908235,0,1
2019-06-26,220.5,227.02,218.2,219.28,219.28,8172918,0,1
2019-06-25,224.3,225.12,219.5,219.77,219.77,5891251,0,1
2019-06-24,223.66,225.65,221.2,223.64,223.64,5409582,0,1
2019-06-21,217.3,222,215.71,221.89,221.89,7621492,0,1
2019-06-20,223.01,226.79,216.35,219.59,219.59,11086710,0,1
2019-06-19,226.25,227.66,221.12,226.33,226.33,6277064,0,1
2019-06-18,228.56,234.63,223.58,224.74,224.74,12130127,0,1
2019-06-17,214.7,226.9,214.56,225.03,225.03,12042439,0,1
2019-06-14,212.48,216.55,210.48,214.92,214.92,7157337,0,1
2019-06-13,210.6,214.66,207.78,213.89,213.89,7825194,0,1
2019-06-12,221.27,223.32,209.01,209.26,209.26,14571026,0,1
2019-06-11,218.37,220.7,213.6,217.1,217.1,10830247,0,1
2019-06-10,209.61,216.79,209.32,212.88,212.88,10165765,0,1
2019-06-07,206.35,210.79,203.54,204.5,204.5,15431436,0,1
2019-06-06,202.79,211,202.03,205.95,205.95,19506266,0,1
2019-06-05,199.3,200.91,191.92,196.68,196.68,12404534,0,1
2019-06-04,180.51,193.91,179.86,193.91,193.91,13190982,0,1
2019-06-03,185.5,186.42,177.11,179.01,179.01,12539107,0,1
2019-05-31,185.84,189.9,184.28,185.37,185.37,9698647,0,1
2019-05-30,189.8,192.11,187.05,188.18,188.18,7470523,0,1
2019-05-29,187.14,192.27,185.04,189.89,189.89,11357929,0,1
2019-05-28,191.97,194.84,187.93,188.72,188.72,9781849,0,1
2019-05-24,199.29,199.71,188.81,190.73,190.73,13426252,0,1
2019-05-23,192.65,199.23,186.49,195.48,195.48,23417665,0,1
2019-05-22,199.43,203.79,191.86,192.69,192.69,17854381,0,1
2019-05-21,198.17,207.32,196.22,204.97,204.97,16840854,0,1
2019-05-20,202.16,205.9,195.61,205.34,205.34,19188112,0,1
2019-05-17,220.43,221.43,211,211,211,16725999,0,1
2019-05-16,230.61,230.78,226.66,228.25,228.25,7091460,0,1
2019-05-15,229.5,232.34,225.51,231.92,231.92,6956698,0,1
2019-05-14,229.22,234.49,228,232.29,232.29,6796940,0,1
2019-05-13,230.49,231.96,224.55,227.01,227.01,10254651,0,1
2019-05-10,239.69,241.86,236.16,239.51,239.51,6774460,0,1
2019-05-09,241.63,243.5,237.31,241.98,241.98,6488900,0,1
2019-05-08,246.46,250.46,244.43,244.76,244.76,5704405,0,1
2019-05-07,256.57,257,245.12,247.06,247.06,9496134,0,1
2019-05-06,249.54,258.3,248.71,255.33,255.33,9575154,0,1
2019-05-03,244.44,256.56,244.44,255.04,255.04,21304064,0,1
2019-05-02,246.67,246.86,238.03,244.08,244.08,15025282,0,1
2019-05-01,238.1,239.89,231.57,234.01,234.01,10498915,0,1
2019-04-30,241.94,244.21,237.1,238.69,238.69,9135177,0,1
2019-04-29,235.49,243.86,232.49,241.49,241.49,16110310,0,1
2019-04-26,246,246,231.18,235.04,235.04,21511893,0,1
2019-04-25,253.35,258.5,246.11,247.56,247.56,20840609,0,1
2019-04-24,264.35,265.22,258.18,258.69,258.69,8402576,0,1
2019-04-23,259.66,265.44,255.94,263.98,263.98,10327138,0,1
2019-04-22,268.67,269.2,262.62,262.91,262.91,11579075,0,1
2019-04-18,271.58,274.83,270.06,273.26,273.26,5638049,0,1
2019-04-17,274.2,274.75,268.54,271.22,271.22,4983666,0,1
2019-04-16,265.78,274.95,265.15,273.31,273.31,6992630,0,1
2019-04-15,268.16,268.16,258.73,266.38,266.38,9679588,0,1
2019-04-12,269.74,271.9,266.83,267.68,267.68,6564720,0,1
2019-04-11,267.69,270.4,266.26,268.45,268.45,8793148,0,1
2019-04-10,277.22,277.77,273,276.05,276.05,6418263,0,1
2019-04-09,271.89,274.86,269.75,272.4,272.4,5604380,0,1
2019-04-08,277.92,281.03,270.53,273.15,273.15,9841034,0,1
2019-04-05,269.32,275.85,266.18,274.96,274.96,12426548,0,1
2019-04-04,261.28,270.96,260.77,267.8,267.8,21279430,0,1
2019-04-03,288.51,296.1,287.9,291.76,291.76,7629928,0,1
2019-04-02,288,289.24,284.03,285.85,285.85,5128800,0,1
2019-04-01,283.83,289.18,281.65,289.18,289.18,7644690,0,1
2019-03-29,278.09,280.1,274.85,279.75,279.75,5703218,0,1
2019-03-28,276.48,280.2,275.11,278.59,278.59,6409186,0,1
2019-03-27,269.38,275.35,268.27,274.85,274.85,8442769,0,1
2019-03-26,265.59,269.98,265.58,267.85,267.85,6995474,0,1
2019-03-25,259.5,262.74,254.77,260.49,260.49,9552220,0,1
2019-03-22,272.27,272.62,264.09,264.53,264.53,8339197,0,1
2019-03-21,272.56,276.38,268.65,274.05,274.05,5685375,0,1
2019-03-20,269.2,274.97,266.37,273.5,273.5,6684374,0,1
2019-03-19,268.17,273.03,263.61,267.38,267.38,11358617,0,1
2019-03-18,276.09,277.72,267.38,269.52,269.52,9740115,0,1
2019-03-15,283,283.25,274.48,275.58,275.58,13059038,0,1
2019-03-14,292.75,295.35,288.36,289.96,289.96,6722172,0,1
2019-03-13,284.06,291.88,282.76,288.91,288.91,6624964,0,1
2019-03-12,286.05,287.55,281.2,283.37,283.37,7171611,0,1
2019-03-11,283.5,291.13,280.72,290.86,290.86,6871661,0,1
2019-03-08,276.05,285.25,276.05,284.13,284.13,8480607,0,1
2019-03-07,279.21,284.33,274.46,276.6,276.6,8918267,0,1
2019-03-06,277.9,281.19,274.5,276.23,276.23,10024656,0,1
2019-03-05,283.44,283.89,270.12,276.64,276.64,18191151,0,1
2019-03-04,297,298.24,282.84,285.3,285.3,16469678,0,1
2019-03-01,306.96,306.96,292.09,294.66,294.66,22085765,0,1
2019-02-28,318.71,319.99,311,319.81,319.81,8861651,0,1
2019-02-27,301.56,316.01,300.56,314.87,314.87,10849445,0,1
2019-02-26,292.14,301.94,289.18,297.81,297.81,8053084,0,1
2019-02-25,298.63,302.8,297.07,298.7,298.7,5938485,0,1
2019-02-22,293.33,296.28,292.25,294.69,294.69,5478196,0,1
2019-02-21,302.47,303.06,290.58,291.24,291.24,8639239,0,1
2019-02-20,304.18,306,299,302.53,302.53,6496939,0,1
2019-02-19,307.4,311.4,305.56,305.64,305.64,3982140,0,1
2019-02-15,304.3,307.95,304.1,307.92,307.92,3730769,0,1
2019-02-14,304.03,306.66,301.05,303.83,303.83,4955175,0,1
2019-02-13,312.51,312.73,305.62,308.11,308.11,4942845,0,1
2019-02-12,315.48,317.93,309.62,311.81,311.81,5218091,0,1
2019-02-11,310.76,318.27,310.76,312.85,312.85,6752043,0,1
2019-02-08,307.2,307.2,298.69,305.8,305.8,5689246,0,1
2019-02-07,313.05,314.29,303.11,307.6,307.6,6325922,0,1
2019-02-06,319.53,323.67,315.62,317.21,317.21,4847221,0,1
2019-02-05,313.72,322.38,313.72,321.26,321.26,6525354,0,1
2019-02-04,312.34,315.26,302.26,312.88,312.88,7084568,0,1
2019-02-01,305.56,316,303.81,312.38,312.38,7070399,0,1
2019-01-31,300.3,311.5,294.4,306.97,306.97,11913081,0,1
2019-01-30,301.49,308.84,298.6,308.83,308.83,8792595,0,1
2019-01-29,294,298.25,291.92,297.47,297.47,4409254,0,1
2019-01-28,292.58,297.41,287.83,296.29,296.29,6188672,0,1
2019-01-25,295,298.4,289.6,296.93,296.93,6925546,0,1
2019-01-24,283.56,293.46,280.28,291.7,291.7,7659966,0,1
2019-01-23,293.74,294.24,282.24,287.54,287.54,11920522,0,1
2019-01-22,305.01,307.88,295.68,298.92,298.92,11570064,0,1
2019-01-18,326.29,326.29,300.01,302.25,302.25,22761582,0,1
2019-01-17,346.26,351.36,344.57,347.36,347.36,3545683,0,1
2019-01-16,344.16,351.93,344.13,346.02,346.02,4584663,0,1
2019-01-15,335.16,348.8,335,344.21,344.21,5924618,0,1
2019-01-14,341.75,342.15,334.2,334.4,334.4,5115404,0,1
2019-01-11,341.29,348.36,339.27,347.23,347.23,4898645,0,1
2019-01-10,333.68,345.3,332.1,345,345,5852190,0,1
2019-01-09,335.72,343.5,331.6,338.49,338.49,5273982,0,1
2019-01-08,341.23,343.67,327.23,335.29,335.29,6617144,0,1
2019-01-07,321.73,336.53,318.36,334.97,334.97,7311147,0,1
2019-01-04,305.53,317.79,303.34,317.69,317.69,7122126,0,1
2019-01-03,308.86,308.86,297.5,300.33,300.33,6738267,0,1
2019-01-02,305.51,314.8,298.93,310.08,310.08,10897133,0,1
2018-12-31,337.1,339.02,325.3,332.89,332.89,6024483,0,1
2018-12-28,322.85,336,318.41,333.98,333.98,9020862,0,1
2018-12-27,318.01,321.88,301.63,316.13,316.13,8268865,0,1
2018-12-26,302.79,326.76,294.11,325.91,325.91,7824393,0,1
2018-12-24,314.03,314.03,295.29,295.69,295.69,5304548,0,1
2018-12-21,317.14,322.72,312.53,319.83,319.83,7417608,0,1
2018-12-20,327.07,330.07,312.51,315.14,315.14,8471753,0,1
2018-12-19,336.49,346.65,329.93,332.98,332.98,8050334,0,1
2018-12-18,350.87,350.87,333.92,337.02,337.02,6837506,0,1
2018-12-17,365.33,365.33,344.04,348.42,348.42,7323812,0,1
2018-12-14,375.18,377.7,364.52,365.61,365.61,6086188,0,1
2018-12-13,370.55,377.3,367.16,376.89,376.89,7036011,0,1
2018-12-12,369.1,371.49,365.37,366.35,366.35,4819767,0,1
2018-12-11,368.21,371.91,360.26,366.69,366.69,6038688,0,1
2018-12-10,360.4,365.94,353.29,365.14,365.14,6289398,0,1
2018-12-07,369.51,379.29,357.68,357.97,357.97,11061962,0,1
2018-12-06,355.77,367.24,350.95,363.05,363.05,7513256,0,1
2018-12-04,356.31,368.46,352.27,359.7,359.7,8217345,0,1
2018-12-03,361.46,365.9,352.82,358.49,358.49,7913588,0,1
2018-11-30,341.45,351.4,338.5,350.39,350.39,5333693,0,1
2018-11-29,345.87,347.46,339.59,341.18,341.18,2978443,0,1
2018-11-28,345.91,348.12,342.21,347.87,347.87,3962316,0,1
2018-11-27,341.65,346.95,335.59,343.91,343.91,5948228,0,1
2018-11-26,326,346.19,325.98,345.94,345.94,7654851,0,1
2018-11-23,334.38,337.18,326,326,326,4014136,0,1
2018-11-21,352.72,352.91,337.43,338.16,338.16,4538694,0,1
2018-11-20,343.61,349.48,333.89,347.49,347.49,7674603,0,1
2018-11-19,357,366.48,352.95,353.47,353.47,9398455,0,1
2018-11-16,345.54,355.47,345.54,354.59,354.59,7030014,0,1
2018-11-15,341.7,348.5,339.38,348.41,348.41,4435937,0,1
2018-11-14,343.15,346.99,337.35,344.15,344.15,4870252,0,1
2018-11-13,334.6,344.39,333.37,338.56,338.56,5190722,0,1
2018-11-12,348.82,349.47,330.55,331.15,331.15,6758110,0,1
2018-11-09,348.49,353.72,345.37,350.53,350.53,4939606,0,1
2018-11-08,349.23,357.42,348.53,351.29,351.29,6898444,0,1
2018-11-07,343.23,351.05,341.28,348.09,348.09,7289869,0,1
2018-11-06,338.51,348.64,336.5,341.06,341.06,6548431,0,1
2018-11-05,339.33,343.78,330.15,341.27,341.27,7632492,0,1
2018-11-02,343.37,348.99,341.04,346.45,346.45,7551121,0,1
2018-11-01,337.83,347.77,335.37,344.09,344.09,7761605,0,1
2018-10-31,331.5,341.9,329.18,337.28,337.28,7341519,0,1
2018-10-30,327.88,337.37,322.52,329.81,329.81,8851622,0,1
2018-10-29,337.56,346.25,327.2,336.78,336.78,13908670,0,1
2018-10-26,307.32,339.5,306.95,330.63,330.63,26757570,0,1
2018-10-25,318.04,320.55,301.37,314.54,314.54,19599797,0,1
2018-10-24,303,303.88,286.33,288.71,288.71,15063266,0,1
2018-10-23,262.4,294.28,262.29,294.26,294.26,17706144,0,1
2018-10-22,260.04,261.75,252.97,260.94,260.94,5439023,0,1
2018-10-19,266.82,269.49,253.65,260.02,260.02,8905625,0,1
2018-10-18,268.67,270.48,263.15,263.93,263.93,5201465,0,1
2018-10-17,281.08,281.29,265.88,271.8,271.8,8239626,0,1
2018-10-16,263.24,277.34,263,276.54,276.54,9225567,0,1
2018-10-15,258.68,263.12,254.63,259.56,259.56,6009966,0,1
2018-10-12,261.04,261.7,252.01,259.15,259.15,6858159,0,1
2018-10-11,257,261.9,249.19,252.33,252.33,7755700,0,1
2018-10-10,263.96,263.96,248.06,256.89,256.89,12444810,0,1
2018-10-09,256.32,266.46,253.54,262.81,262.81,11704961,0,1
2018-10-08,263.53,267.68,249.21,250.54,250.54,12962818,0,1
2018-10-05,273.02,274.01,260.12,261.99,261.99,17271991,0,1
2018-10-04,292.74,293.25,278.16,281.84,281.84,9164832,0,1
2018-10-03,303.4,303.47,291.81,294.83,294.83,7770187,0,1
2018-10-02,314.73,316.5,299.32,300.9,300.9,10740035,0,1
2018-10-01,306.71,311.28,302.27,310.4,310.4,19091771,0,1
2018-09-28,272.43,277.01,261.03,264.72,264.72,31465814,0,1
2018-09-27,312.5,314.89,306.91,307.46,307.46,4375678,0,1
2018-09-26,301.88,313.81,301.11,309.54,309.54,7651416,0,1
2018-09-25,300.81,304.33,296.5,301.05,301.05,4374239,0,1
2018-09-24,298.4,302.99,293.66,299.73,299.73,4652745,0,1
2018-09-21,297.57,300.15,295.42,299.01,299.01,4593359,0,1
2018-09-20,302.98,305.6,293.58,298.32,298.32,7022739,0,1
2018-09-19,282.06,299.9,282.06,299.04,299.04,7926995,0,1
2018-09-18,296.82,302.56,276.67,284.81,284.81,15957836,0,1
2018-09-17,290.19,300.56,288.18,294.79,294.79,6578678,0,1
2018-09-14,288.85,297.18,286.55,295.12,295.12,6548488,0,1
2018-09-13,289.88,294.62,285.19,289.42,289.42,6148899,0,1
2018-09-12,280.65,292.4,278.93,290.56,290.56,9641735,0,1
2018-09-11,279.72,281.98,273.64,279.43,279.43,8599542,0,1
2018-09-10,275.82,285.54,271,285.46,285.46,13705518,0,1
2018-09-07,261.15,268.34,252.36,263.24,263.24,20660538,0,1
2018-09-06,285.45,291.05,279.05,280.95,280.95,7186346,0,1
2018-09-05,283.86,286.37,277.23,280.7,280.7,7464279,0,1
2018-09-04,297.31,297.84,288.03,288.99,288.99,7995850,0,1
2018-08-31,300.83,305.03,298.62,301.65,301.65,5193500,0,1
2018-08-30,303.68,304.53,297.81,303.19,303.19,7045625,0,1
2018-08-29,310.19,311.7,303.72,304.88,304.88,7243115,0,1
2018-08-28,318.54,318.54,311.29,311.86,311.86,7463321,0,1
2018-08-27,320.18,322.2,308.85,319.54,319.54,12153770,0,1
2018-08-24,320.57,323.62,319.65,322.81,322.81,3506414,0,1
2018-08-23,318.81,326.92,318.46,320.11,320.11,4856300,0,1
2018-08-22,321.78,323.72,314.71,321.52,321.52,5777825,0,1
2018-08-21,313.9,324.66,309.22,321.9,321.9,12754899,0,1
2018-08-20,291.27,308.44,288.68,308.44,308.44,15668666,0,1
2018-08-17,324.22,325.67,303.72,305.51,305.51,18220230,0,1
2018-08-16,338.25,341.94,333.98,335.45,335.45,5829375,0,1
2018-08-15,342.5,344.47,332.53,338.76,338.76,8827190,0,1
2018-08-14,358.18,358.93,347.64,347.64,347.64,6656086,0,1
2018-08-13,359.12,362.99,349.16,356.41,356.41,9715052,0,1
2018-08-10,352.66,359.69,346.2,355.53,355.53,11172348,0,1
2018-08-09,365.8,366.92,345.95,352.26,352.26,16015743,0,1
2018-08-08,369.74,382.47,367.78,370.38,370.38,23098322,0,1
2018-08-07,342.89,385.76,339.48,379.58,379.58,29706319,0,1
2018-08-06,344.61,354.96,342,342,342,8321095,0,1
2018-08-03,348.77,354.89,342.82,348.3,348.3,13213852,0,1
2018-08-02,327.3,349.9,323.69,349.39,349.39,21994823,0,1
2018-08-01,296.21,302.98,293.44,301.49,301.49,7002891,0,1
2018-07-31,291.27,298.15,289.3,298.15,298.15,4744219,0,1
2018-07-30,294.51,295.53,286.14,290.18,290.18,6592800,0,1
2018-07-27,306.68,306.68,295.46,297.19,297.19,5507769,0,1
2018-07-26,305.03,310.55,303.68,306.35,306.35,4337766,0,1
2018-07-25,296.56,309.34,294.65,308.73,308.73,6853569,0,1
2018-07-24,304.36,307.25,292.66,297.42,297.42,9340050,0,1
2018-07-23,302.77,305.35,293.21,303.2,303.2,10386360,0,1
2018-07-20,320.64,322.9,311.86,313.57,313.57,4997762,0,1
2018-07-19,317.26,323.39,314.1,320.23,320.23,5663300,0,1
2018-07-18,324.89,325.5,316.49,324,324,5306598,0,1
2018-07-17,309.54,324.68,309.54,322.67,322.67,6771938,0,1
2018-07-16,311.96,314.65,306.4,310.19,310.19,7464982,0,1
2018-07-13,315.11,319.45,309.58,318.8,318.8,5751411,0,1
2018-07-12,320.54,323.1,312.95,316.76,316.76,5501461,0,1
2018-07-11,315.48,321.85,315.11,318.89,318.89,4640005,0,1
2018-07-10,323.17,327.23,319.2,322.37,322.37,8847601,0,1
2018-07-09,311.77,318.29,308.3,318.29,318.29,7290396,0,1
2018-07-06,305.64,312.06,302.06,308.91,308.91,8563237,0,1
2018-07-05,312.36,314.24,296.6,309.11,309.11,17124503,0,1
2018-07-03,330.63,332,309.74,310.9,310.9,11855884,0,1
2018-07-02,358.51,364.43,330.05,335.07,335.07,17913353,0,1
2018-06-29,353.57,353.57,342.64,342.89,342.89,6032075,0,1
2018-06-28,347.62,356.83,346.11,349.98,349.98,8102426,0,1
2018-06-27,343.51,350.65,340.37,344.55,344.55,8077890,0,1
2018-06-26,336.97,343.48,326,342,342,7102223,0,1
2018-06-25,331.07,337.97,327.5,333.14,333.14,6701544,0,1
2018-06-22,351.51,351.51,332.07,333.63,333.63,9675883,0,1
2018-06-21,361.92,365.7,346.29,347.5,347.5,7742139,0,1
2018-06-20,358.13,364.34,352.01,361.84,361.84,8046508,0,1
2018-06-19,365.14,369.64,346.74,352.58,352.58,12384828,0,1
2018-06-18,355.44,373.57,355.35,370.83,370.83,11537640,0,1
2018-06-15,356.47,364.52,355.38,358.12,358.12,9100678,0,1
2018-06-14,347.7,358.6,346.8,357.72,357.72,10595608,0,1
2018-06-13,344.28,346.94,339.82,344.78,344.78,8816958,0,1
2018-06-12,344.39,354.9,338.12,342.73,342.73,21511897,0,1
2018-06-11,324.9,334.61,324.34,332.11,332.11,12859729,0,1
2018-06-08,319.64,324.31,317.15,317.66,317.66,7866898,0,1
2018-06-07,318.01,329.97,314.17,316.02,316.02,14011310,0,1
2018-06-06,300.88,321.88,298.15,319.44,319.44,18106531,0,1
2018-06-05,297.78,297.78,286.8,291.13,291.13,5686733,0,1
2018-06-04,294.28,298.93,293.86,296.67,296.67,4619139,0,1
2018-06-01,285,291.9,284.05,291.66,291.66,5279165,0,1
2018-05-31,287.97,290.22,283.05,284.72,284.72,5370748,0,1
2018-05-30,282.89,294.68,281.81,291.81,291.81,7229701,0,1
2018-05-29,278.5,286.48,276.53,283.68,283.68,5536817,0,1
2018-05-25,277.51,279.6,275.81,278.87,278.87,3731710,0,1
2018-05-24,278.1,280.89,275.15,277.85,277.85,4098390,0,1
2018-05-23,277.7,279.29,274,279.06,279.06,5697866,0,1
2018-05-22,287.76,287.76,273.59,275.01,275.01,8659603,0,1
2018-05-21,281.84,291.38,281.84,284.49,284.49,8425368,0,1
2018-05-18,284.07,284.32,274.04,276.89,276.89,7134613,0,1
2018-05-17,285.76,289.08,284,284.46,284.46,4269074,0,1
2018-05-16,284.56,288.75,281.78,286.47,286.47,5530285,0,1
2018-05-15,284.2,286.82,280.93,284.25,284.25,9028885,0,1
2018-05-14,304.44,304.71,291.63,291.96,291.96,7008118,0,1
2018-05-11,307.27,308.81,299.1,301.03,301.03,4516958,0,1
2018-05-10,307.5,312.99,304.14,304.95,304.95,5437998,0,1
2018-05-09,301.16,307,300.09,306.84,306.84,5570553,0,1
2018-05-08,301.61,307.4,299.16,302,302,5803445,0,1
2018-05-07,297.34,305.91,295.59,302.75,302.75,8219028,0,1
2018-05-04,282.91,296.73,279.89,293.98,293.98,8368983,0,1
2018-05-03,279.75,285.94,275.31,284.45,284.45,16068738,0,1
2018-05-02,298.36,306.78,298.04,301.22,301.22,7312283,0,1
2018-05-01,295.77,300.71,293.49,299.32,299.32,4226374,0,1
2018-04-30,293.5,298.63,292.5,293.9,293.9,4064530,0,1
2018-04-27,285.37,294.33,283.93,294.23,294.23,4212978,0,1
2018-04-26,279.03,285.67,276.77,285.49,285.49,4207963,0,1
2018-04-25,282.94,284.74,277.41,280.67,280.67,3900619,0,1
2018-04-24,285.14,286.88,278.72,283.69,283.69,5239484,0,1
2018-04-23,290.93,290.95,282.38,283.36,283.36,4712593,0,1
2018-04-20,295.45,299.77,289.8,290.24,290.24,5110650,0,1
2018-04-19,291.69,300.98,288.75,300.09,300.09,5904134,0,1
2018-04-18,291.32,299.6,288.46,293.35,293.35,6286738,0,1
2018-04-17,287.84,291.96,282.68,287.69,287.69,6588496,0,1
2018-04-16,299,299,289.2,291.26,291.26,6103271,0,1
2018-04-13,302.44,303.3,296.09,300.3,300.3,6761502,0,1
2018-04-12,302.26,303.82,293.73,294.06,294.06,7239921,0,1
2018-04-11,300.81,308.61,299.89,301.03,301.03,7159171,0,1
2018-04-10,298.52,306.97,293.94,304.7,304.7,10425386,0,1
2018-04-09,300.55,309.34,289.36,289.71,289.71,9875327,0,1
2018-04-06,299.64,309.19,295.66,299.58,299.58,13001174,0,1
2018-04-05,289.11,306.04,289.11,305.71,305.71,18394140,0,1
2018-04-04,253,288.21,252.11,286.97,286.97,19146665,0,1
2018-04-03,265.93,273.35,254.94,267.53,267.53,17533748,0,1
2018-04-02,255.67,259.95,244.7,252.52,252.52,15623318,0,1
2018-03-29,255.95,270.62,248.75,266.14,266.14,14649754,0,1
2018-03-28,262.05,268.55,252.37,257.79,257.79,20103428,0,1
2018-03-27,303.99,303.99,277.4,279.22,279.22,13522155,0,1
2018-03-26,307.35,307.35,291.64,304.15,304.15,8174841,0,1
2018-03-23,310.65,311.5,300.49,301.55,301.55,6449449,0,1
2018-03-22,313.24,318.45,308.25,309.1,309.1,4607509,0,1
2018-03-21,310.69,322.41,310.26,316.53,316.53,5851088,0,1
2018-03-20,315.84,315.98,308.86,310.55,310.55,4634162,0,1
2018-03-19,316.14,320.68,309.8,313.57,313.57,7283951,0,1
2018-03-16,326.9,326.9,319.13,321.3,321.3,5868833,0,1
2018-03-15,329.68,332.47,321.15,325.6,325.6,6055549,0,1
2018-03-14,337.43,339.72,324.18,326.65,326.65,7756055,0,1
2018-03-13,344.42,344.5,336.38,341.84,341.84,5824395,0,1
2018-03-12,328.3,347.14,326.73,345.41,345.41,7795070,0,1
2018-03-09,325.98,328.36,322.73,327.22,327.22,5304325,0,1
2018-03-08,332.91,333.26,326.27,329.13,329.13,3409745,0,1
2018-03-07,326.25,332.34,321.8,332.32,332.32,4851072,0,1
2018-03-06,334.5,336.24,327.23,328.22,328.22,3905327,0,1
2018-03-05,332.6,337.67,329.49,333.3,333.3,3723339,0,1
2018-03-02,326.71,335.12,323.42,335.12,335.12,4886660,0,1
2018-03-01,344.94,348.32,330.27,330.93,330.93,6730780,0,1
2018-02-28,353.05,354.91,342.4,343.1,343.1,5912525,0,1
2018-02-27,357.24,359.97,350.19,350.97,350.97,4687674,0,1
2018-02-26,353.5,358.99,352.5,357.35,357.35,4239338,0,1
2018-02-23,348.09,354.99,347.29,352.04,352.04,5682646,0,1
2018-02-22,335.65,347.42,334.97,346.32,346.32,6776793,0,1
2018-02-21,335.96,339.5,333.38,333.38,333.38,3120357,0,1
2018-02-20,334.82,340.76,331.65,334.76,334.76,3929775,0,1
2018-02-16,332.25,343.03,331.79,335.49,335.49,5493001,0,1
2018-02-15,323.9,334.12,322.51,334.12,334.12,5793196,0,1
2018-02-14,320.78,326.17,319.18,322.22,322.22,3767136,0,1
2018-02-13,312.77,324,312.77,323.5,323.5,4398328,0,1
2018-02-12,315.54,317.93,306.77,315.71,315.71,5989745,0,1
2018-02-09,320.08,320.6,295.28,310.42,310.42,12685368,0,1
2018-02-08,343.3,347.88,314.75,315.45,315.45,9856370,0,1
2018-02-07,337.85,345.95,335.8,344.77,344.77,5651097,0,1
2018-02-06,323.9,335.92,323.9,333.97,333.97,4691583,0,1
2018-02-05,337.76,344.36,333.03,333.15,333.15,4063089,0,1
2018-02-02,348.38,351.39,340.82,343.75,343.75,3545059,0,1
2018-02-01,350.37,359.5,348.8,349.25,349.25,3916551,0,1
2018-01-31,347.53,356.12,345.65,354.46,354.46,5393432,0,1
2018-01-30,345.52,348.26,342.3,345.82,345.82,4309849,0,1
2018-01-29,339.13,350.7,339.13,349.34,349.34,4564739,0,1
2018-01-26,340.84,343.51,335.85,342.7,342.7,4403793,0,1
2018-01-25,348.5,348.75,336.54,337.55,337.55,6473001,0,1
2018-01-24,354.58,354.58,343.63,345.92,345.92,5129108,0,1
2018-01-23,360,360.29,351.41,352.8,352.8,5151453,0,1
2018-01-22,349.69,357.8,349.45,351.6,351.6,5774475,0,1
2018-01-19,345.16,350.45,342.8,349.97,349.97,4701489,0,1
2018-01-18,345.88,352.06,343.8,344.51,344.51,5380947,0,1
2018-01-17,340.24,348.96,339.92,347.1,347.1,6613382,0,1
2018-01-16,337.64,344.82,334.96,340.04,340.04,5722101,0,1
2018-01-12,337.99,340.25,333.75,336.22,336.22,4743839,0,1
2018-01-11,335.74,344.59,333.44,337.93,337.93,6540352,0,1
2018-01-10,331.02,336.82,330.43,334.83,334.83,4151344,0,1
2018-01-09,335.02,338.8,327.57,333.69,333.69,6983637,0,1
2018-01-08,315.84,336.97,315.84,336.4,336.4,9536406,0,1
2018-01-05,315.19,317.2,312.06,316.55,316.55,4487344,0,1
2018-01-04,312.53,318.24,305.9,314.62,314.62,9340728,0,1
2018-01-03,321.08,325,315.62,317.01,317.01,4116077,0,1
2018-01-02,311.35,321.93,311.28,320.29,320.29,4219623,0,1
2017-12-29,315.51,316.13,310.06,311.4,311.4,3631421,0,1
2017-12-28,312.16,315.79,309.57,315.36,315.36,4217615,0,1
2017-12-27,316.28,317.43,310.8,311.58,311.58,4548826,0,1
2017-12-26,323.49,323.53,316.69,317.29,317.29,4260150,0,1
2017-12-22,329.65,330.83,324.92,325.19,325.19,4134206,0,1
2017-12-21,329.21,333.51,327.32,331.6,331.6,3984161,0,1
2017-12-20,332.51,332.51,325.11,328.9,328.9,5857034,0,1
2017-12-19,340.6,341.22,330.37,330.99,330.99,5923535,0,1
2017-12-18,344.7,346.61,337.61,338.81,338.81,5288244,0,1
2017-12-15,342.35,343.47,336.07,343.43,343.43,5875866,0,1
2017-12-14,342.37,347.4,337.06,337.88,337.88,5614130,0,1
2017-12-13,341.73,344.06,336.82,339.03,339.03,6071147,0,1
2017-12-12,330.51,341.37,330.51,340.94,340.94,8385063,0,1
2017-12-11,314.24,327.98,314.24,326.75,326.75,6401418,0,1
2017-12-08,314.01,316.78,311.42,315.06,315.06,3337342,0,1
2017-12-07,311.61,318.63,311.22,311.26,311.26,4588297,0,1
2017-12-06,301.96,313.31,301.47,313.28,313.28,6141922,0,1
2017-12-05,301.46,307.87,301.39,303.7,303.7,4055587,0,1
2017-12-04,306.86,308.02,300.82,305.23,305.23,5705000,0,1
2017-12-01,305.54,310.2,305.35,306.53,306.53,4150055,0,1
2017-11-30,308.12,310.47,304.68,308.95,308.95,4091902,0,1
2017-11-29,317.73,317.73,301.45,307.55,307.55,8015624,0,1
2017-11-28,316.57,320,314.08,317.61,317.61,4842344,0,1
2017-11-27,313.01,317.3,309.92,316.74,316.74,4433850,0,1
2017-11-24,313.2,316.36,311.29,315.55,315.55,3011377,0,1
2017-11-22,316.47,317.3,311.89,312.63,312.63,4810654,0,1
2017-11-21,310.72,318.2,308.91,317.8,317.8,7042111,0,1
2017-11-20,314.14,315.05,304.88,308.72,308.72,8071283,0,1
2017-11-17,324.71,324.71,313.27,314.97,314.97,12880744,0,1
2017-11-16,314.36,318.12,311.37,312.5,312.5,5452515,0,1
2017-11-15,306.88,312.42,301.63,311.25,311.25,5766250,0,1
2017-11-14,315.59,316.28,307.07,308.7,308.7,5543501,0,1
2017-11-13,300.58,316.75,299.25,315.4,315.4,7371322,0,1
2017-11-10,302.83,308.04,302.01,302.92,302.92,4482376,0,1
2017-11-09,302.46,304.08,296.9,302.98,302.98,5310731,0,1
2017-11-08,305.65,306.36,301.37,304.31,304.31,4609606,0,1
2017-11-07,301.06,306.42,300.08,306.03,306.03,5074477,0,1
2017-11-06,306.85,306.85,299.13,302.7,302.7,6301380,0,1
2017-11-03,299.72,306.18,295.2,306.09,306.09,8730921,0,1
2017-11-02,302,308.35,292.85,299.24,299.24,18890621,0,1
2017-11-01,332.38,332.38,320.36,321.1,321.1,6849622,0,1
2017-10-31,321.01,331.74,320.5,331.52,331.52,5399919,0,1
2017-10-30,318.92,323.76,317.71,320.04,320.04,4151430,0,1
2017-10-27,320,324.59,317.01,320.87,320.87,6622672,0,1
2017-10-26,328.79,330.06,323.33,326.1,326.1,4890872,0,1
2017-10-25,336.07,336.35,323.84,325.76,325.76,6984851,0,1
2017-10-24,338.4,342.67,336.17,337.33,337.33,4081565,0,1
2017-10-23,348.45,349.8,336.38,337.06,337.06,5552104,0,1
2017-10-20,352.7,354.33,344.46,345.1,345.1,4802144,0,1
2017-10-19,355.04,356.82,348.29,351.81,351.81,4923210,0,1
2017-10-18,356.43,362.88,354.16,359.72,359.72,4845922,0,1
2017-10-17,350.09,356.16,350.09,355.73,355.73,3204427,0,1
2017-10-16,353.38,354.3,347.46,350.46,350.46,4609383,0,1
2017-10-13,356.78,358.28,353.78,355.49,355.49,3439098,0,1
2017-10-12,353.58,359.56,352.78,355.61,355.61,3939484,0,1
2017-10-11,354.43,357.53,351.31,354.6,354.6,4376737,0,1
2017-10-10,346.15,355.6,345.8,355.6,355.6,6696902,0,1
2017-10-09,349.27,351.42,342.72,342.84,342.84,7192746,0,1
2017-10-06,354,359.95,352.45,356.83,356.83,4071922,0,1
2017-10-05,355.92,357.23,351.45,355.14,355.14,3994000,0,1
2017-10-04,352.44,358.5,349.94,354.99,354.99,7897181,0,1
2017-10-03,336.66,348.47,331.54,348.14,348.14,9641442,0,1
2017-10-02,342.67,343.7,335.6,341.45,341.45,4789113,0,1
2017-09-29,341.95,344.6,338.79,341.02,341.02,4902385,0,1
2017-09-28,339.69,342.41,335.5,339.52,339.52,5118931,0,1
2017-09-27,349.27,351.22,340.58,340.99,340.99,5852383,0,1
2017-09-26,350.28,350.92,340.93,345.25,345.25,6341064,0,1
2017-09-25,353.06,357.35,343.1,344.88,344.88,7341591,0,1
2017-09-22,366.68,369.66,351,351,351,8014187,0,1
2017-09-21,374.4,376.26,364.6,366.43,366.43,4520324,0,1
2017-09-20,373.04,378.1,371.14,373.9,373.9,4796022,0,1
2017-09-19,378.66,381.55,373.62,374.82,374.82,5864846,0,1
2017-09-18,380.4,389.61,378.29,384.61,384.61,6951036,0,1
2017-09-15,374.04,379.85,372.7,379.81,379.81,4944911,0,1
2017-09-14,366,377.88,362.91,377.44,377.44,6901742,0,1
2017-09-13,363.5,367.98,360.23,366.19,366.19,4013630,0,1
2017-09-12,364.22,368.34,360.56,362.71,362.71,5772538,0,1
2017-09-11,350.67,363.68,350.16,363.68,363.68,7432757,0,1
2017-09-08,348.56,349.64,342.31,343.3,343.3,3147634,0,1
2017-09-07,345.4,352.36,343.63,350.61,350.61,4156073,0,1
2017-09-06,350.58,350.58,341.67,344.66,344.66,3948612,0,1
2017-09-05,354.18,355.46,346,349.5,349.5,3737959,0,1
2017-09-01,356.41,357.5,353.86,355.22,355.22,2953226,0,1
2017-08-31,353.97,358.19,352.89,355.84,355.84,3845660,0,1
2017-08-30,349.32,353.47,347.09,353.13,353.13,3304511,0,1
2017-08-29,339.34,348.99,339.34,347.24,347.24,3856446,0,1
2017-08-28,346.63,346.79,340.09,345.66,345.66,3602793,0,1
2017-08-25,354.45,355.6,347.35,347.99,347.99,3380824,0,1
2017-08-24,353.17,356.18,350.04,352.94,352.94,4455114,0,1
2017-08-23,338.63,353.39,338.3,352.75,352.75,4813336,0,1
2017-08-22,341.36,341.98,337.46,341.27,341.27,4150174,0,1
2017-08-21,344.14,344.24,331.85,337.87,337.87,6373340,0,1
2017-08-18,352.81,353.87,346.24,347.51,347.51,5234822,0,1
2017-08-17,361.49,362.81,351.73,351.85,351.85,4848033,0,1
2017-08-16,362.58,366.43,362.56,362.91,362.91,3259236,0,1
2017-08-15,364.5,365.48,359.37,362.23,362.23,2940905,0,1
2017-08-14,364.26,367.6,362.6,363.8,363.8,4325861,0,1
2017-08-11,356.82,360.77,354.28,357.87,357.87,4152881,0,1
2017-08-10,361.72,366.6,354.8,355.4,355.4,6938054,0,1
2017-08-09,360.82,369.87,359.6,363.64,363.64,6613704,0,1
2017-08-08,357.67,368.44,357.67,365.27,365.27,7199507,0,1
2017-08-07,357.69,359.28,352.8,355.17,355.17,5934906,0,1
2017-08-04,346.71,357.19,343.48,357.05,357.05,9033923,0,1
2017-08-03,346,349.74,343.2,347.08,347.08,12638920,0,1
2017-08-02,319,326.87,311.23,325.83,325.83,9739970,0,1
2017-08-01,322.23,324.27,316.3,319.55,319.55,8054332,0,1
2017-07-31,334.75,341.02,321.08,323.34,323.34,8209001,0,1
2017-07-28,336.44,339.44,332.66,334.88,334.88,4660483,0,1
2017-07-27,345.81,347.42,326.8,334.4,334.4,8147889,0,1
2017-07-26,341.07,345.46,338.37,343.75,343.75,4655979,0,1